domain,class
caotaip..oe.n,1
ala.ko,1
abeie.eo,1
edorrmc..ov,1
aaooee-..oe.r.,1
5lcca.ro,1
ern.ao,1
aspetc.oogbycccccc,1
.es,1
orrcclc.iuo,1
taauaaaa.io,1
ai..yp,1
bboe.crm,1
aao.ko,1
bsnrrcc.ro,1
aoigoiui..oo.u.,1
botpdne..oe,1
capeoh.eo,1
bccpncao..oog,1
aaeoogtcmoe..uo,1
baciaiaaoo..oog,1
c1aaic..oo,1
bsbi..oe,1
aaa..not,1
obsoueec.com,1
aatkent.not,1
ateaoia.cem,1
abdac.ao,1
sbmet.oogb,1
.aaplort..oo,1
.nb.askr,1
ii.occucccccccccr,1
ccscccrcccccasc8k6a,1
8855cb.io10ick,1
r.solaia,1
peal..oob,1
mhdlnt.ao,1
abo..oug,1
aaau-ocho.com,1
baik.ao,1
dbnid..oz.r.,1
aaieiceec..oz,1
rbnucd.ao,1
ati3o..oog,1
oaldrlcct.ro,1
anede.tom,1
aaacsoe..oo,1
bamklnggcratc.com,1
obeoiiree..oo.kcccc,1
ec.io,1
cbs.do,1
abd.mt,1
aplmvcc.ooga.,1
bbrhcnoe..ro,1
cbaotioe.soocccccccc,1
ccceoiaecjccalenerecan.iof,1
bbo..oog,1
bbncecftrice.nut,1
baeouol..oo,1
cbpespssec..oz,1
acoaeestcrange..oo.ocu,1
ccccjcccccc.,1
aolob..ot.r,1
.cle.io,1
obrc..o,1
attcrcc,1
.notaeite,1
iee..oo.k6,1
oforssccca..olgtc.ccitc.ccut,1
.fcc,1
vo.oogtc.cno,1
boaconftrrcncc.com,1
bdnoni.so,1
abdoroa..oot,1
bbmei..oo,1
abelio.ao,1
aaateemcai..ol,1
acdta.ro,1
aamacsicdh.,1
notbsiroo..,1
eoaathino,1
.eoabdir,1
..ooabi,1
a.euc,1
crrc..o,1
aaan.fo,1
bckmctcnccic.com,1
aleai.eou,1
aaeh.ro,1
bbir..oo.occccccccnc,1
ccsccuctycccirieii.iof,1
biteianeasaca..oog,1
bonisa.to,1
abeperp.eo,1
aans.cum,1
oob.eo,1
aentcrc.eo,1
basiaaac.oogb,1
ani..oo,1
ablasn.com,1
bno-.et,1
asanc.com,1
bddnnnc.com,1
dartea..oog,1
asaiei..oo,1
acpnucezise..oo.pc,1
ccc.,1
7p..ot.r.,1
ura.io,1
booiiechcfagoe..oo,1
bcdemcrd.io,1
acofet.com,1
aakkaii.com,1
craaya.tlm,1
cbb.ao,1
abd.ro,1
cbno..oog,1
agsal.eo,1
abda.crm,1
abktni..oo,1
aaoie..lo,1
bbt.io,1
bariec.nl,1
acwnotecc..ol,1
aaibi.io,1
bbe..oot,1
aci.eo,1
comi-aoe,1
igcocelc.comcaueaii,1
roac.comblaglo,1
g.eocam.,1
eraao,1
lai..ol.ha,1
bekraoa..oog,1
baikeeam.clm,1
cboeeifacc.boo,1
bbp.com,1
cbmo.zo,1
aaupar..oo.u.,1
cnolmar.com,1
aaoeeiec.eou,1
bbi..oo.pcccccccc,1
ccccasi0..ov,1
a0e-jcprcccca..oog,1
bbsaciial.rl,1
bbl..oo,1
abona..oog,1
bsofprrc..r,1
bbt.eo,1
aagfcnssccet.ro,1
aoaooiaoccccct.com,1
btisheae.oog.,1
aceaesoltdcnice.,1
.oobiaaaoiea..oo,1
gbcan.eo,1
briae.c,1
emoanlre,1
..oo.kccccc.,1
cdmice..oo,1
aasgrgrr.com,1
aaaailrc..o.,1
caolrc.eou,1
baraoearc..o.,1
bblcscttet.eo,1
aaidsef,1
ctic.comaa-ea,1
iae.comcmln,1
ero..oogbaaa,1
eaen.io,1
cabosa.not,1
bsnro..oog,1
aadoe.io,1
canlirec.com,1
ablrsnncnce..oo.a,1
ataaoftrotibc..oz.n,1
biiaorir.eo,1
bbtnun..uo,1
daiae.do,1
bastaco.com,1
batao-anc.ro,1
bbuuooe..oo.kcsccc.co,1
mbolcl,1
c..o.aka,1
nane..oo,1
bhikd.ro,1
baskfmaca..ood,1
aboauahtmat.oogo6fcccccc,1
ccccccis.com,1
bbs.pokccccc,1
cscc..oz,1
bbr.not,1
abllncc.po,1
bai.lo,1
cblrgc.oogt.fccccscc..oi,1
acirm..oo.,1
nbit.to,1
bbp..eo,1
ais.io,1
cbamc,1
.poabfr,1
a.eose,1
tnr.notcc,1
or.io,1
csprcrip..oo.dpcc.,1
ssei.ao,1
asoa.cum,1
hbb.ao,1
cbn..or.r,1
balwaui.ao,1
oaite.com,1
bna..to,1
asic.-ov.r,1
ikhite.io,1
abiagsruc..,1
olaea.eo,1
battirn,1
.comabtor,1
em..oo.dccccccccccscccc,1
iscaceoctices.com,1
aacileoee.oogp.,1
bcthmmrrfmawic..oo.uccccie..co,1
vaog.ro,1
bild.,1
robsne,1
n..oo.ri,1
e1eai..to,1
adl..oo,1
cboc.er,1
aoloo..olgc6c6c6.com,1
098a.ro,1
0acc.cum,1
bbb.not,1
aacepcen.tom,1
camdlrt.eo,1
aaiaeeu..o,1
oab-ic..o,1
v.rbni.e,1
obbb.,1
eobam,1
at..ol.rc,1
s.eo,1
obtecocc.olggcioe..oo,1
aee.io,1
bbosi.go.,1
eao.el,1
bsr.com,1
ppc.crm,1
aady.ao,1
act.fo,1
aaecemaot..oo.r,1
aaaieeacpoi.oog.,1
bbcsacaiea..oog,1
cnfdc.com,1
abpoiie.com,1
cbrca..oog,1
acciac.ao,1
abdacieaa..ood,1
boeoage.cem,1
opgnooc..oo,1
bagabaina.io,1
bsmooik..oo.,1
dtc3ccfccccccscc-.at.e,1
cucccc.,1
osce.com,1
aadel.com,1
aana.com,1
d1tcocsnrcd.com,1
aadie..oo,1
btt..or.r,1
bsruc.com,1
aaakee..oo.a,1
scccccc.,1
tl.rt,1
uamciceccne.com,1
botsi.ao,1
caratcucesio..oo,1
bodmic.io,1
canma.com,1
daoca.com,1
bgm.com,1
abtrsnase.,1
.oo.p.aaa.oog,1
aor.mo,1
ablr.no,1
bcsur.e,1
obaodp,1
rsssccre.notbai,1
eei.sob,1
bm.coma,1
b-icp..ol.djccccccccce,1
ece.iof,1
bassnic..oo.uccc.,1
aoora..olgtcco.io,1
bccen,1
iet..oo.uccccccc.com,1
far.io,1
bbg.com,1
roccictbaae..oot,1
aeoaoesooe..ro,1
bbhb.fo,1
acdooa..oog,1
aldao.eo,1
bbg.eo,1
bbr..oo,1
atc.com,1
taue..,1
oo.daniair,1
.roobrlr,1
stcto.beodnan,1
oiaecccc..rzbo,1
puiel.eob,1
aiiadpcae..oot,1
aalinikr.eo,1
caeauuettsdos.com,1
smltiieale..ro,1
aaithi.ao,1
casring.com,1
ranaeia..ood,1
baaio..eo,1
cscceatcc.so,1
bmeeeoc.com,1
ocmicet.io,1
aocoof.ru,1
bskcoa.com,1
aaabeeii..oo,1
cardtri.io,1
aao.ao,1
cbr.ao,1
abkn.to,1
obrrtgrccsn.,1
combiiiiar.no,1
obseimic.,1
.oo.uccccccc.com,1
cemer..oo,1
aama..ondmc.car,1
hii.ie,1
0b00ec..ot,1
a1aptecm,1
.comaaaee,1
.sobs,1
smari..ooaa,1
aoaete..oo.poccccccccc,1
ccccccsc.,1
sabco.ao,1
aem.oog.,1
tc1r.so,1
aidogncct..ot.r.,1
coaceaeies.com,1
bnpstare.com,1
aae.eo,1
asarrcc.io,1
crrocoe..oo.,1
aobt.ro,1
balkdm.co,1
oasieg.co,1
mcen.aaf,1
bbr..oo,1
ane..o,1
t.nbtf,1
ao.tomaa,1
pca.ro,1
aasiu..oz,1
balkimipdade..el.,1
canao.ao,1
cbhnesn.com,1
baatcg..oo.kccc.,1
bimce.eo,1
aban..oo.d.,1
ia.ir,1
aamio..oog,1
bcirecicstcr,1
recao..oogcaatanaiie,1
e.notbarnl,1
sciee..ooa,1
am.in,1
ccmci..oot,1
ocentcra.ao,1
aaasoee.ro,1
bti.tl.,1
oscro..oog,1
aaiaaac.com,1
bnowae..ol.d.,1
aihcerd.po.,1
aagar.io,1
bbgsocc..om.r,1
aciiii.rz,1
batkannaec.yo.,1
abdothoccteo..oog,1
abiretaece.io,1
baaeahio..oog,1
bnksv.ro,1
aanlsaca.co,1
mcbea.io,1
bbs.ooga,1
.aplaoesa,1
et.ooga.badaet,1
.mo.bb,1
a..oegb,1
bi..rob,1
mgen.io,1
aollucac.ie,1
baikiao..no.nccccccccc,1
ccccrscccoocascce.to,1
maaikt.i,1
obaskn,1
ccie..oooas,1
am.teb,1
snrn..ol.r.,1
aaodeue..oo.p.,1
bdkrnmswcne.mo,1
aoaeoeieoas..oo.r,1
bct.not,1
cafder.com,1
eaaim.io,1
bruiiir.1rmc..cl,1
aatiaeioec.tom,1
absemar.io,1
acamttee..ol.r,1
ace.io,1
obmircec.ro,1
boaoetasecctc.mo,1
atoaartiea..oog,1
aataoitee..oo.kcc,1
ccccccccccccccc,1
cccncccissccceecaaiaoecichse,1
.soouc.,1
asc.com,1
dasp..oo.dccgcrc.so,1
sarrtec..oz,1
cnitalee..oo,1
acluatecc.n,1
obbtcecac.,1
eobstd.o,1
egoohtr,1
nccc.iocbsio,1
eensn.wruabo,1
ieoga.netc,1
boiecia.eou,1
astulyrococdceocea..oog,1
eoiaraceheeri.oogjtnfsecccc..oztc.,1
bclmsworddwiseal.ctm,1
aaihaoei.ao,1
bsapirdcoocccc..oz.o.,1
biceaahe..oo,1
adao.cem,1
bsioi.ao,1
aabaeite..oo.u.,1
aahdmls.tomc6ccc.com,1
bcg..oo.,1
rbno.ro,1
eotpsc,1
c.sobaokie,1
t.soaait,1
izelg.robc,1
enioia..oog,1
aokoao.com,1
aoelnapm.com,1
abil.ooga.,1
bitaraee..oo,1
ate.wordpuiaai..oo,1
abiiiaiaoeecec.com,1
ab.oogu.,1
abitgacatcdac..ol,1
ubeyhcluo.com,1
blt.io,1
oalcrec.mo,1
umaa.dn,1
bssentitkm.no,1
aboaaewoeldc..ol,1
btsbros.ro,1
aa.ar,1
bcsc..oo.u.,1
crrebai..oo,1
aasdcwcc..oz,1
aar.eo,1
smltnec..ol,1
baaeptarc.eo,1
baieetdr.,1
crmbbpiet.,1
.oocar.ao,1
bbm.a,1
oable.,1
nltaaots,1
rnak..oi.r.ao,1
a.oogo6c0ccs.,1
arsc.not,1
bslor..eo,1
abt.com.r.,1
actace.com,1
3oboc.do,1
cnypcn.com,1
ibepi.de,1
baccl-.sr,1
abkim..ot.r.,1
aai.io,1
sboa.com,1
baagicame,1
e..oo.k6c8c.com,1
2c..rv,1
0b0p..oo.dcccccc,1
.a,1
t.era,1
sdina..oogb,1
adiecar.com,1
abamf.ho,1
abc.mo,1
obmocaa.uo,1
cirir.uo,1
damtiaecoct.not,1
aarliae.ro,1
abtb.com,1
abaid..ot,1
iak7a.tom,1
l1doct..ot.dcxcc,1
cccccesccoettcoepei.com,1
atacocemtarro..oog,1
btaotoo.cem,1
abiii4iui..oo,1
hboce.eo,1
bbzcecdic..oo,1
aliaaee..oo.kc,1
ccccccccccecssccnecsfciai,1
iasecgicoictafe.sofoc.uccccc,1
ceer.ao.pccc.,1
pt.oogtc.ccv,1
bba1..oo.t,1
cc..nlt,1
cboe.io,1
ablirt.com,1
oboee.ho,1
ao..rc,1
con..ol.r.,1
ogmcdoc.io,1
lcoamh.eo,1
cii.com,1
bsgcace.oogtccc.com,1
brossc..oo,1
bbaossc.de,1
ahaeiei.oog,1
tc.c.rzgora,1
pacirstcrtn.combr,1
eoiieiaiai..oou,1
b.bnob,1
ba..oogb,1
brip.oogtc0c1..oo,1
00v..oo.kcccccc,1
cccccccis.com,1
oalid.eo,1
bboro..oo,1
adataeac.com,1
beihdrc.com,1
bctroc..oz,1
eapcarcscc.eo,1
abetfiet..oo,1
baekda..oog,1
aaala.not,1
aezicc,1
ccc.comoaldr,1
staet.combaa-,1
arotde..ol.rb,1
leaies.com,1
aadiaaoc.com,1
aftmet..oo,1
ooiaala.ro,1
bocoandeas.com,1
cboo..oog,1
cent.ro,1
aatune.com,1
bataoun.eo,1
bcis-oenilca.io,1
aancunoai.com,1
battrsrroa..oog,1
aaoaec.fo,1
bbk4cmcacc.ro,1
0mitn.com,1
aalcuceee.ao,1
bdfrescc.no,1
ablreneo.io,1
biataola..oog,1
bbgcdoc.lo,1
oaciea.eo,1
btx.com.,1
r.boo..o,1
odcarim,1
.nttaca,1
nit.com,1
aaik..ot.ctec..oz,1
bbsc.eo,1
barkctceoeccmcc..oz,1
araani.io,1
achlni.com.r.,1
bsrin.com,1
aaet.eo,1
aclr.not,1
ab..ry,1
cbut..oo,1
aaomeca..ood,1
baskancc..oz.x,1
cccncccccccccec,1
occaseccfieiseeic.com,1
eanoelory.com,1
bliftfo.eo,1
ortbatentcr.com,1
cboi.sou,1
bttc..oz,1
aiea.toa.,1
abmirsacei.not,1
baaeteaoant.com,1
bbd.com,1
bcco.io,1
abam.not,1
bblco.eo,1
oetondrnsic.not,1
baataiai.eo,1
bhsmtbcrre.,1
oogta..cgaa.p,1
rbba.,1
comaclr,1
.com9b,1
ica..oot,1
abeo..oog,1
bdtao..oog,1
abcoaee..oo.o.,1
scrrc.eo,1
aaleo.not,1
abaaet.com,1
-seppdcice..oot,1
ie.cam,1
eovepap.not,1
baikdlstcr.eo,1
bcoaoee.tom.o.,1
bnels..oz.n,1
api2n..on.kcccc,1
.aa,1
tc.not,1
caloaain..oo.g,1
at.0m..oo.dccec.com,1
bazkdnscc.crm,1
paeeaetem.tt,1
blimroaiic..oo,1
rbc-irt.com,1
aytber..oo,1
aaooe..oo.a.,1
bioiiiaa1o..,1
oobbrlrctnc.n,1
otaaerauac.,1
aoctrene,1
..ooabgil,1
io.ioabe,1
p.rob,1
rstna..oog,1
baakicce.eou,1
bbia.io,1
bcga.poorccccc.,1
lvcr..oo,1
aairoaegecsc,1
ceem..oo.nbspar..i,1
oa3cot..,1
oo.ral,1
t.euua,1
ctreii..ott,1
aait.io,1
cbacd..oo,1
psiahcc..oz.r.,1
aue1a0..eo,1
b0aodmer.com,1
cceit.ar,1
bbboia.com,1
bmaea.so,1
ablennccgcwc..ol,1
bea0i.eo,1
b1kmccdc..on,1
aadiuo.ao,1
sblegcccc..oz,1
eanrunf.oogt,1
ccc.no,1
ati..not,1
aadtnna..ood,1
abar.lo,1
acaeic.com,1
ta.po,1
bbn..oz.r.,1
bocrov.ao,1
aee.com,1
bbs.com,1
aans.not,1
dl.tr,1
aaofate..oo,1
bbntcnieh.boo,1
aeuyere.eo,1
bbnsicn.do,1
aadtkl.tomc6c6c6.co,1
m1107..,1
oo.dccccccccccccc,1
ecc.ao,1
bbu..oo.r,1
aaa4.ao.u.,1
9c..el,1
abemtcruco..oog,1
sanaa..oog,1
ca-.em,1
banci.to,1
bolet..oo.r,1
agleafu..oo.dpoocc,1
cccccccecsbialccecesccieccscda,1
isytciccecioiiact.eouako1r..oo,1
o1shmtn..oo.d,1
ccccccccccesl0c.com,1
asltnad.eou,1
aaecegeia.ro,1
baaao.eo,1
bbrs.so,1
abc.t,1
ocbice,1
c.rob,1
bm.soa,1
bma.aou,1
acl.com,1
b-nlmcc.oogb,1
aaloa.-ou.com,1
bsh..ol,1
obbectee..olttccccc.com,1
cecaoca..oeg,1
aoi.io,1
ea.ao,1
bbl.so,1
abomu.eo,1
aaop.rn,1
bnni..ol,1
aaai.eo,1
sbrc..o.,1
osblrgcn,1
d.toaaeaeee.,1
aoolamt,1
rror..oo.aie,1
aod..ou.rbh,1
lidiiebtcnic..eoa,1
asknhtlcaseee.com,1
aaaiie..oo.r.,1
bin.io,1
baaeo..oog,1
bbl.no,1
abra.aou.,1
acola.eo,1
uliraac.ao,1
bcramtpncn..oo.r.,1
aalaalcrifstet.com,1
byi.oogo6c5cccs.co,1
mabt.a,1
ofrasti,1
o..oo.r.a,1
e..to,1
balaac..ol,1
bctat.po,1
ctlire..oo,1
rawirtae..oo,1
bmboo.oogaie.ccm,1
aoama.ao,1
iogel..oo.u.,1
aad.ap,1
pbanec..oi.acgccc.,1
zobta,1
.netpb,1
.okgc.aa,1
iiiei9en9eccie..oo,1
cbn.io,1
acer..oo.tc..cl,1
odrnmape.io,1
aaedeee..oot,1
bbr.tobgccscc.com,1
tbhm.com,1
aoa..oog,1
caidiois..oo.k5,1
6c.crv,1
caecac.ie,1
ralcc.oogo6ccc.so,1
bsifd-rctcsodn..oo,1
.d.aid.oogaccei..ol,1
lbclotcluect.co,1
maai.eo,1
atbar.com,1
aboea.com,1
ceo.tom,1
bba.io,1
abpiaa.com,1
as.en,1
colplu..,1
oocarteo.,1
.oogaatir,1
ngdcactbalk.comcn,1
aoaec.aoaa,1
ttnntcir..oo,1
aaeair.eo,1
brcocp.not,1
aelsroaiss.com,1
eanileiaeaca.eo,1
aimo.so,1
aalc.mo,1
abmrttnrccca.toa.ucccc,1
.s,1
sacicice..oo.a,1
bslacc.ao,1
obiaai.ao,1
bic..not,1
bebsaie..oo,1
bitii.ao,1
aaturi.io,1
cbrin..oz.r.,1
ee.irf,1
bbai.com,1
9bacc..ol,1
acirei.ao,1
aatar.ao,1
a4cio.io,1
bcrach.com,1
clmcc.com,1
borcernan..oo.,1
ratecpuats.co,1
macaiiae.fo,1
bbc.io,1
bclunr.,1
tomabir.,1
.oo.p.b,1
zo.ao,1
oasa.io,1
bci..oo,1
agtieeac..ol,1
aalsoec.eo,1
bcl.not,1
bcmv.to,1
acbmrmi.eo,1
uaiay.com,1
bstdcn.com,1
aaita..ood,1
aatla.org,1
aeaobeerccia..olgtc..rl,1
but.nn,1
tbbe..,1
ooateo,1
a.comabi,1
fh.rob,1
amik.yol..oo,1
ocicict..oo.dccc.,1
ssc.ro,1
asimic.to,1
bcah-moe..oo,1
bocrtc..ot,1
aaa.not,1
sobar..oo.u,1
cccccccccciciect.io,1
aohip..oo.dpcc,1
cceccccccec.com,1
saom.co,1
osaaa.do,1
baast.at,1
bric.eo,1
eaieir..to,1
bakioa.com,1
cbnote..oo.,1
pccccccccecd.tom.,1
bskrccdo..oog,1
abshanec..oz,1
aacaecea-alua.co,1
mbaiioynct,1
.stbateeae,1
.aobaekz,1
anea.comaac,1
psrltcgacacecoroc..oo,1
aae.ar,1
bcsm.ro,1
pbccot.com,1
atapcrrctiic..oo,1
coieisc.ro,1
bct.io,1
baresiii..oo,1
aatcttcere..oo,1
aaeea.com,1
bcnr.tom,1
sboo..oog,1
aio8opcccc..ez,1
bbr.do,1
abicrssnc..oz,1
biaeia..oog,1
bee8tcc..oz,1
bltar.com,1
oofrn.go.,1
bbnof.ro,1
oainmtuck.com,1
cbiocloc..oz.,1
r.bbh1-.ro,1
00c8pc.c,1
om110oacic,1
..tobdcm,1
m.coma,1
secrbc.ao,1
ale.eo,1
seroap..oo.tc.cco,1
cnisalscc..oz.a.,1
oamortsranau.oogo6ccc,1
.comp0,1
m.ro31,1
2c.po,1
9btrcs.com,1
0brcgpci.eo,1
bseprrtgort.nrt,1
abieieeeac..rv,1
cbrr.ro,1
uacml.crm,1
cbo9l4bm.yoo.,1
a1nrcno..ro,1
aataaraci.ao,1
balmiracn.wodcccc,1
ccu..oo.dccccccccccc,1
ccccesscccusnlbcmcsiiaeiccaceiicctf,1
-iee.eobiacation.ao,1
blpfits.com,1
oaegeih.ro,1
aoe.fo,1
bbs..eo,1
ail.boo,1
bariaiie.boo,1
abtentcrarc..oztc,1
.aa-i.ooga.,1
bsaueeaoe..oo.k,1
crcccc.,1
asdnc..oz,1
oaiina.ao.r.,1
acaaersceesacee..oot,1
baoee.io,1
ssbsi.to,1
aoinpeec.com,1
obcme..ot,1
bicpycros.com,1
btieisscn.eou,1
abiae-feeshcpc,1
n.comotald.io,1
selyaca.c,1
omaaopelt.,1
robbtaa.,1
oogtc8c.com,1
1a0cib..ot,1
10r1sc..oo,1
creutlecco..oog,1
bbtor.ooga.,1
aieanea.io,1
bbli-saf..oo.r.,1
lciterebrtkcra.tom,1
abealoaaicriss.com,1
bpetalr.io,1
accnec..oltt,1
ccci..oo,1
tc1b.uo,1
0i1k0ccc.com,1
b0cbec.to,1
tc..oo.tcc..rl,1
bdaai..ol.r.,1
aiih.ro,1
baaeoud..oo,1
aceonlanecrc..,1
o.actaoeecec.lo,1
blmoe..oo,1
oastae.ro,1
bniw..rz,1
aailioo,1
..ottbbtnd,1
sntna.tosan,1
ooaa..oogcu,1
nascc.uoa,1
t..ot.r.,1
eoryecrocc.com,1
bbi.-ol..oo.u.,1
atidtrocias.eo,1
acaesire.eo,1
abnaro.com,1
alt1c.com,1
aoaoecr.not,1
cnfprrgnic..oo,1
iasiiuer.ro,1
aeeii.ao,1
aaaanlec.crm,1
obber..oo,1
bnm..ro,1
aaaimithtsiai.com,1
baoeeeodrccec.eo,1
bbio..oog,1
tchnsnoc.com,1
atianoc..oz,1
abli.tom,1
43e1..oo.r,1
.918..oo,1
133o..oo,1
g9c0..o,1
o3b4c,1
iel..oo,1
bstrinc.com,1
aareepbnai..oo,1
bboeeera..oog,1
aii.mo,1
bllccc.lo,1
acaaaa.lo,1
cbo.ee,1
abii.io,1
bbps.com,1
pbac.do,1
bairfmad.com,1
baianhaec..rz,1
bdc.mo,1
abe.re,1
ablb.com,1
dbrcmnc.com,1
cmneiacc..oz.n,1
aaea.to,1
balatacm.cem,1
rccoee..oo.a,1
cccc.ro,1
9ccnc.io,1
abpmmtc.cym,1
aaiaiaecucc..oz,1
bbg..ou.r.,1
ast.ro,1
oamern.ro,1
ao.hr,1
aci..ze,1
dnam.do,1
btmsc..oo,1
aaaeocar..oo,1
bbd..oo.pc.,1
onphea.o.,1
aahtrctnprn.s,1
obaoeeaai.io,1
abmateac.,1
comblpper,1
c.ioaalma,1
ri.comaoy,1
frr..oo.ucccccccccccs,1
cecfastiecscciciiiai5cceiciciedaaicesecaae.so,1
uaae.lo,1
ccmitcc.ao,1
abpatlin..oo.djcc,1
ccccccccccncccc,1
clccasicieec.com,1
aasemaaicccr.com,1
atucc.io,1
bcmrececcon.eo,1
abgr.not,1
asge-ica.io,1
aattds.com,1
uonil.com,1
aagtmar.do,1
baaei.io,1
abncedcticu..oo.,1
u.aneaalccen.rl,1
obamaaacr.co,1
maae9d..oz,1
c9n.rt,1
0scc.ao,1
8blis..o,1
t.r.aeiso,1
.iobesk,1
rl.combad,1
ecocepe.eoa,1
in.io,1
acc.oogjou.,1
ofcnrctcle.er,1
bia.ao,1
bsmccl.com,1
baskmir.eo,1
aaer.mo,1
bco.com,1
3cced.eo,1
acgce.so,1
ahih.tocuccc.,1
dbs..,1
oo.raae.,1
.rosbo,1
o.eoat,1
ba..oo.r.a,1
oa5ofe.com,1
bmio.so,1
aaat.oog.,1
bcmmmstc.lo,1
aaniie..oo,1
abskor..oo,1
abonemeen.com,1
caueiosr.ro,1
aaeircaa.eo,1
cniaetmor..ol.r.,1
rcaaeo.com,1
aal.yr,1
ta1p.com,1
btf.ao,1
aarn.crm,1
abtsroc..oo.u0cfcc,1
..ovbbi,1
o.coms,1
dncse..oota,1
aiaiaec.crm,1
bbcmislu..oo,1
2b0et.ao,1
0133.6o,1
9a09c.com,1
0000ycc.com,1
110m.com,1
1b3irei.eu,1
aattmare.eo,1
oarkiaa.eo,1
baesaisb.ro,1
aomregac.eou,1
bbaa.oeg,1
loneir..oo,1
aaet.io,1
bbc.cem,1
acaa..oog,1
btlom..oo.r,1
abtela.io,1
aooter..oo,1
aaceocea.com,1
cmelir..oo,1
bailticoc.a,1
oaatihntc.,1
comaauatlr,1
.notbut.,1
.roaan,1
ins.comd,1
acnac..ola,1
ip.mo,1
aaedorecnec..ot.ctc.ciu,1
ooe..oz.n,1
bbo..oog,1
obmrctl..oo,1
bnasarr.ir,1
bas.ro,1
bti.oeg,1
abedlecsac..o,1
zbaddadaei..,1
uocatoariair,1
m..ol.nabono.n,1
otaaeaa,1
.comtar,1
d.iobi,1
h.iob,1
csao..oog,1
suu.er,1
-brra..oog,1
aaiee..oo,1
cblbcci..zl,1
bia..oog,1
bstrm.ro,1
aeudae..oo.pccccccc,1
ec.eo,1
sagtr..oot,1
actaeehici.eo,1
agereai..rl,1
bbasecpac..ol,1
eln.tomc7.,1
aoe.to,1
bbm.ro,1
aaeimet.com,1
bbrr.tom,1
aia..oog,1
abtiieee.com,1
ablcric..oo.,1
abnonuaem.eo,1
banymas..oo.k.,1
al.net,1
abiiceu.eo,1
bbac.io,1
callcnn.oogt0,1
6c.com,1
3bhcc.to,1
bbin..oo.lccccc.,1
3ot..ul,1
bistlmsicl..oo,1
baaniaiiu..oo,1
abp.ao,1
baokt.not,1
borit.lo,1
bocmz.d,1
ohoi.e,1
oato.,1
tob0gl,1
ccc.com1a3,1
tcnc.com01,1
0beief.com,1
abao..olgt56c..oo,1
0bcbacd.com,1
iie.io,1
bblo..oog,1
a.iek.,1
10rjdnr..oo,1
0aanie..oo,1
arao.ro,1
baiklmrc.lo,1
aacetanacc..oz,1
bfu.to,1
eatos.mo,1
rra.eou,1
aoaemar..oo,1
.uccc.,1
dti.ro,1
aaluo..oog,1
hbdot.com,1
oalfem..oo.r.,1
aeu.er,1
asico..olgt.f.,1
aarboi..oot,1
ademrcasoe.com,1
aaes-atlmc.com,1
basyoi.eo,1
cemie.ao,1
aaog.not,1
bcmac..oo.ab,1
fc.ao,1
atc7uceliy.,1
bad.to,1
bbl.so,1
aboafm.not,1
blhsic..oo,1
aban.so,1
bcac.com,1
asmuc..om.r.,1
aaaooo..oog,1
13c..eo,1
9p3cc.io,1
51r00db.lo,1
110i1s.com,1
0h0k..oo,1
110ap..oo,1
01a..oog,1
acncplora..ood,1
adi1ec.tom,1
cby.oogtc,1
.ccnro,1
l..ooc,1
sne.not,1
aetep..oo.p.,1
ail.ao.p.,1
a-dawsrl.go.,1
cgo.so,1
ab.ay,1
hboa.eo,1
lbsnl-.io,1
cieai.ao,1
abin.eo,1
osgaus.com,1
babstror..oo,1
aaetefc.com,1
aaadei.ao,1
aslr.ao,1
oanmslctcce..oo,1
bst2r1ec..oz.occ,1
cccccie.9eau2.6ovmuccc,1
scccccccccis.com,1
osociea..oog,1
cbndmarr..oy,1
aalto.tom,1
cai.io,1
sbn.com,1
gboe..ro,1
ait78ar.,1
.oo.u0cf..oo,1
biddocccc..oz,1
baliotaruc..ol,1
bbmao.ho,1
bbae..oo.pccccc,1
ccccccec.com,1
bbi.eo,1
abamia..oog,1
atpateccccccc.com,1
abs.oogtc5.3cv..ol,1
10c3n..oo.,1
r.bmtim.o,1
ogtr6c0..oo,1
b3ih..ol.r.,1
bsiaaclccbiee..oot,1
aaa.ar,1
babea.com,1
cn-fena.not,1
acapadeict.com,1
bbrat.ao.ucccc,1
cec..oz,1
bsmrm..oo.r,1
apl..oo.u.,1
cbeo.ee,1
asdrct.oogo7crccccec,1
..ozss,1
osid..olab,1
tiii.az,1
bsl-.com,1
aslent.not,1
abiaeonoo..oog,1
ald0asenc.com,1
9b1twaniet.not,1
bla.to,1
aacteni.oogtc.ccibgccc,1
ec.com,1
bigther.ar,1
caiarac.ao,1
cbgrpncc.otgtccc.ro,1
asthbcrt.not,1
agia.po,1
absceoee..ol.n,1
bblcgcoeut.ao,1
aap.tn,1
aarceltrlc,1
ccce..oo.pccccccccccc,1
cccceiececiii.seu,1
at-eiccaae.cnm,1
bcrloa..oog,1
autruche..oo.pcccc,1
ccccccccccccaeicacii,1
ceocewtccecscuttac.eoubo,1
mciceee..oo.a,1
adh1d.eo,1
bbt.io,1
bos.do,1
saccam.eo,1
blt.lo,1
asicu..ro,1
aatroct..oe.r.,1
adaooptiantcic..oz,1
abceelaoehc.eo,1
abooiaecrdcse.eo,1
bbiu.eo,1
c-namg.oogtc.cni,1
ctoaceiclc.c,1
omabdlotia.eo,1
abeirtaai,1
..ootbboetec,1
nucicc.comaeaeea,1
d.aobgla,1
hecvc.comai,1
a.eoo,1
bo..oogb,1
tl..oo.k.,1
gliiaeaca..oog,1
aaiblgnrcriiie..oo.u1ccc.com,1
ace..oot,1
cbaiycncc.not,1
bmo.lo,1
abim.com,1
nsrant..o,1
o.r.aasiip.,1
toaaten,1
.eoabt,1
auii..otb,1
io.eo,1
sormare..ol,1
bsiieifiha..oog,1
abiceaato.oogtccc.io,1
abaoi..oot,1
baso..olgcfcscc,1
.comobm,1
acei.yol.rrb,1
idhara..oog,1
bamkhtatsccae..oo,1
cardl.not,1
asi.io,1
abdceonocasccncr.ee,1
aahiitaceecaee..oo.t.f.,1
bprsssmrrt.not,1
aauuiilolonici..ol,1
aaiitnac..ol,1
bbiahea.uo,1
cri.eo,1
aba.er,1
sbac.com,1
bgmec..ez,1
aaaeasaedlng..oo.r.,1
bkapae..oo,1
oraeieac..ov,1
bbssica.cem,1
upaaonerc.not,1
bbr..oo.tc,1
ccco.ro,1
actsnmt.com,1
aoicoeferricc.com,1
aaideeaee..ol.r,1
bgliaegmoae..oot,1
aaaeoeo.lo,1
cmrrscrasacc..oz,1
aaaaiiere.ao,1
batcutca..oo.dcccc,1
.a,1
smrntmmrbtsccik.io,1
aaiiite0e0cccos.ao,1
aatinn..oo.d,1
bbite.io,1
ookoarace..oot,1
bapeiey.com,1
aaol.com,1
dbcct.com,1
addidt.com,1
aaldetcr.com,1
aagirae..oot,1
abd.oeg,1
baieaun..oo.r,1
bctaa.ao.pc.cc.,1
srmoo.eo,1
aaopdc.ro,1
bbh..ot.,1
r.abroik,1
.aoobsta,1
i.ioabw,1
orcscoap.comb,1
bnridae.eo,1
eaarthatcclcs.com,1
cbftceeeoe.reo,1
aai-oiiea.so,1
baby-v.ro,1
barkccr..oo,1
aaelhaole..oo.h,1
ceiaaua.eo,1
btkcace.ao,1
aailie.com,1
carrenceciri.com,1
auaecionodeitinc.com,1
bdtubeecaag.go.,1
abuatiin.eo,1
bet.nrt,1
hari.io,1
cuii.at,1
aaaa..oog,1
tadne..oo,1
otaeasee..oo,1
bng..or.,1
r.aedtrsr,1
psfc.tevaeoee.,1
oogtc.c.uuo,1
nloy.not,1
abtre.boo,1
aascruseou.com,1
basyoa.com,1
astea..oog,1
caorlcnn.lo,1
batkrus.ro,1
abettrcdc.lo,1
aaa.gp.dccccc.,1
dsa..oog,1
aotcaot.,1
.oo.cccccccccccscs.,1
comacc,1
p.toa,1
3lnc..lz,1
aagta..ood,1
aaeii.com,1
aoe..oo.n,1
a.en.,1
aateo..oog,1
outcai.eo,1
baiyeraa.com,1
ballcnine.fo,1
aaeg-ocrccrcccros.com,1
aoaa-ocoici..oo,1
hadii.ro,1
caoaap.ooga.,1
cari.eo,1
accio..oog,1
sbmitas..oz.nf,1
cf.,1
adlic.ao,1
oaeca.com,1
bncaiel..oo,1
aea.io,1
abe.io,1
baskttn.com,1
aari.not,1
abcoeca.so,1
briseito.com,1
bbosisa..ood,1
ala.rz,1
actoi.io,1
aait.ao,1
bbr.not,1
bbmccc..ol.kcscc.not,1
aailaa.,1
.oogbbs.u,1
oaalgn,1
iv.eoaoo,1
rdaotica..oogba,1
aeeoio.ao,1
calioe.oogtc3ccccccccccdccsy,1
caasec.comaeeh,1
nclot.combbi,1
eiehe..ootb,1
cehentaeiaaacc..ou,1
bbnac.io,1
aclr.bo,1
sdrc.ro,1
asoai..oo.kccccccccc,1
cccccscc.not,1
ybtrpcun.eou,1
baiekanie..oot,1
cbeeroeg.ro,1
bcir..oo,1
caul.ro,1
caiaockec..oz,1
cbrnec.ao,1
aahio..oog,1
aace.eo,1
abclaccce.lou,1
bmiler.com,1
abtrrrcaoit,1
c.comaaei-ira.,1
cembbotiui,1
.aoaieees,1
a.eobanai,1
o..ooglc,1
eco.io,1
ablencrc.com,1
bnttcomtc..oo.u.,1
aaaptool.com,1
caric.to,1
aaitt.io,1
aatay.ro,1
scmotr.com,1
aaeiae..oo,1
bbruico.ao,1
abane..not,1
tarciam.ro,1
bbbcc..om.r.,1
bba-.tr,1
obecegonccec.eo,1
bgtpao.io,1
basyl.com,1
99cv.com,1
0.rtv,1
badcc..ol,1
baseiorecc..,1
ozaaiseea..o,1
ogbasemonc,1
.oogjcccccc.,1
eb.crm,1
cbnoig.com,1
bcnac.io,1
rsmor.com,1
aaeei..ou.r.,1
cslrr..oo,1
aaoctmon.ao,1
bia.ao.r,1
.scle.oogp,1
c.grilo.e,1
oacnn.i,1
oabca,1
dcac.not,1
rbnp..oo.rcccecc.ao,1
abemor.com,1
aaldac..ov,1
acraaai.tl,1
aatloc.com,1
batgo.ao,1
asaicc.com,1
bliot.eo,1
bbs.lov,1
aaiioi..,1
otbalita,1
i.comabaa,1
raef.ao.r.,1
baioeds.oogc6c7cc.ro,1
3sloc.io,1
abioiygc.ro,1
cbneediaiccthicce..ol,1
ttccc.io,1
bbs.cem,1
obare.de,1
bit.ro,1
bsnod..oo,1
aaddmap..oo.lcccc.,1
ossmcc..,1
oo.u.oaltlost,1
mrrlrvgcr.comaaietou,1
nc..oz.r.bckeh,1
ce.aoaanr-,1
sacrece..ooaad,1
oansecas..ol.na,1
eiai.eo,1
banitaoocccscca.com,1
aet.ek,1
bbt.et,1
abbmlcccom.ro,1
ocne..oo.uccc.,1
cru..oz.w.,1
bbd0a0eec..oz,1
1900huo..oog,1
1001i1..oo,1
01030l.com,1
1b0r..,1
oobcmcr,1
.noabb,1
bnnr.com,1
asts..oz.kcsccce..oo,1
adiano..oog,1
abae.not,1
csr.ao,1
abcoect.hr,1
atc0.com,1
o0r.com,1
133c.com,1
91.po,1
80ocao..oog,1
9atba.so,1
btas.ao,1
blbge.com,1
srrat-ccclr,1
.combtittkii..,1
otaataoeeea.,1
eobgnaas.so,1
badctess.,1
crmahesi,1
lb..ooaaii,1
eai.go.cb,1
nbeaatocc.ro,1
blgsa.io,1
aatahric..oo.g,1
bft.eo,1
sbal.com,1
abtire.io,1
abed.ao,1
abraoir..oo,1
cmpneit..ol.dccccc,1
cccccc.iof,1
bbg.com,1
sscoacca..oog,1
aoaneie.com,1
biaaar.io,1
bhtlon..oo.d.,1
skscpatndntarc.com,1
aapiieiaia.io,1
abeoitica..ood,1
bbsaroesccue..oo.kc,1
ccccfccfccccccc,1
cee.eiu,1
abcomvcs.com,1
omooobf.not,1
abnlrgcni.eo,1
aaiiaaeee.com,1
ctr.soo.,1
abtc.com,1
dsbdiac.ro,1
aaiieonlcnminie..oo.a,1
bbtlnrdits.com,1
aaoaiiit..oo.ojccc,1
cccccccccccccec,1
cccccscccccciuiigcareceaiaicieceit,1
iaeivu..oo.w.at.ctm,1
boipor..oo.g,1
bno.fo,1
sbra..oog,1
aee.iu,1
abo.go,1
-cpocmce..oo,1
abiuiee.to.,1
bbep.ro,1
accopee..oo,1
sslusn.yo,1
aateca..oog,1
oclom.io,1
bnc.lo,1
sbn..oo.,1
krcccccccccccci,1
e..oo.r.,1
4ah.en.,1
bbi.eo,1
ocnicoc..oo,1
oatl.voocccec..oz,1
bsospan..oo.dccc,1
ccccccicicaitaecfcraneit.io,1
rra-ecdaiige..oo,1
bastir.oogo6ccccc,1
ccccccoccrcc.,1
dclrca.not,1
ace1-pn..o,1
o.k.giiei,1
nbaoe..oo.tc..cl,1
rdla.com,1
aaml.com,1
asi.io,1
aboeikaio..oog,1
obaua.iu,1
cii.fo,1
baaaac.com,1
btm.ao,1
obuali.com,1
bbttr.not,1
oapltw.ln,1
bka.do,1
bbi..oo.k,1
ccccccccccccccgcc,1
eciscccoreocccneastceeiedseccnapya..ro,1
bgi1n..oo.d.,1
911i.eo,1
0104rc..o,1
103a.ae,1
13011o.com,1
130i..oot,1
93p1a.com,1
103a.cmm,1
114htac..ou,1
abore.io,1
bbsc.eo,1
bbc-c.ao,1
obaa..olgto3ccc..o,1
zssbo.,1
eoaastn,1
..oo.nsr,1
a.eoo,1
btaio..oug,1
bei.mo,1
aocmptco.eo,1
caoeoiia.oogo6c6c1cn.com,1
0aut..oo.da.,1
ar-.ar,1
ataeea..oog,1
bbsacce.ao,1
bstom..oo,1
.raa-ieaac,1
.combytef.,1
oogtccc..ol,1
3sc.ao,1
aca..rl,1
abea..oog,1
bsani..oot,1
as.0ok.,1
actrmcg..ou.r.,1
asi.ne,1
abtoee..oo,1
achb.tombcce..oo.tc.,1
crvbud,1
.eocs,1
mlcint.comb,1
bsofeac.com,1
a0hmattsncn.go.,1
0cl5..oo,1
10lcbcocptnacia.com,1
borr.com,1
colccol.ro,1
baoklan..oo.r,1
aastacl.oogcf3c.,1
aoeri..oo,1
baaktm..oo.r,1
.iai.ao,1
acan.com,1
bsbcc.co,1
mcll.co,1
mssrc.,1
tomc6c8c1c.0olcgscccc..oz,1
b0saa..olgo6,1
c0c.o.,1
1b9rocncta..oog,1
bniriai..oo,1
saoiifae..oo.acfcu.io,1
gaiteeac.com,1
bni.eo,1
uca.com,1
bamic..oo.k.,1
atadcoceietc.c,1
omba-.it,1
canet..oo.,1
rakara.co,1
maee.io,1
abccac,1
.rosb,1
saon..oo.dcccccc.,1
adtsca.eo,1
aait.uo,1
cai.do,1
b3i.mo,1
7cicsn.yo,1
108.7ov.co,1
9120.com,1
31h.not,1
1s3nt.,1
so1b7rci,1
vcceiceecncc..ozo,1
up.io,1
abmau.ao,1
csmrct.aou,1
aaapa..oog,1
ossicae.go.,1
baoecyee..oo,1
bbi.ao.r.,1
ecneriesol.ro,1
boietioi..ou,1
bbae..oe,1
bbd.cem,1
acaaelncc..oz,1
coodkc..ol,1
borh.do,1
baogpcscode..oo,1
bbaoie..oot,1
artrtbseca.ao,1
aaaoich.poo.,1
calnir.lo,1
aaere..eo,1
aatcpin..oo.r,1
aareaaa.eo,1
chram.io,1
aaaao.il,1
bctiuot,1
.comaaaie,1
i..oo.nbne,1
..uoab,1
lrdtcr.coma,1
ge.oogtccc..oz,1
obna..ood,1
saroe..oo.ucccrcc,1
.,1
bsscc.oogtccc.com,1
cinaoc..ou,1
bbf..ol.n,1
mmdap.com,1
astoaicit.io,1
aahtrdvnttc.ao,1
eaaiiecscc.com,1
bsilrnoessrcfc..oz,1
aeeaieedaat.io,1
bcsat.so,1
1o0cicc.com,1
13t8.com,1
31l0fc.com,1
130i7..oo,1
100ta.io,1
0ocpae..o,1
o0c3.cum,1
bbu..oo,1
.rani.ho,1
abgaa,1
ni..ootah,1
a0e..oo.kccccccjcccc,1
csccccccc.,1
pb.ur,1
abtnisodcac.it,1
abttaar.oogtc,1
cccc.com,1
aoa.not,1
cbnaiin..ol.r,1
bntnrrcccgcc..oo,1
alim..ot.a.,1
eerrlnpi.com,1
baeeieclcn..oo.kcc,1
ccccccccccscc.oogpt,1
c0as.1obrcctcrnc.com,1
obua-ooeecn.wod.,1
col.eou.yccccnc.,1
dcomsanr.c,1
omonnpde.eo,1
ooirtere,1
.combblan.eo,1
bcsi.e,1
oobii,1
.tomatu,1
oo..oogsa,1
nledacc..ozb,1
baghoee..oo,1
abops..oo.r,1
ap.ee,1
oblacgmcnc.to,1
cee.io,1
absteei.lo,1
bbs.oog.,1
abmsieeo.clmc6ef.rr,1
tafac.com,1
bil.ro,1
abcoaes,1
e.iocait,1
cicat.ao.r.,1
aei7h..ol.cbccccccci.,1
sbae,1
.comate,1
0i.uoac,1
aliaeecer.io,1
obprikooccocc..oz,1
biu..eo,1
caotpec.not,1
bovirii.yooa.com,1
basonise..oo.pc.ccr,1
bba.so,1
abblr.com,1
bbdom.io,1
abieoce..oi.o.,1
btot-nrasc.go,1
bbtoeii.io,1
aaoaaoa.ro,1
cb-.ro,1
lbno-torm,1
l.cemaia.eo,1
abira.o,1
ogtc.ceu,1
aea.com.r.,1
hbm.io,1
bbhsmc..ot,1
bplp.ao,1
ssicthcso..oog,1
bla.te,1
obtaoac.com,1
odyg.ooge.,1
baoatornn.crm,1
bsiee..oo.d.,1
ascnrc.com,1
aloae.ao,1
bbbiac..oz,1
bitoicm.com,1
uubnsticrac..ov.r,1
bgaaeaoeo.cem,1
bmlcattaoec.com,1
aaoaa.il,1
bba..oog,1
ua.so,1
pbpme.er,1
aon.com,1
abs.ao,1
bscm.ro,1
abire.org,1
bardaikeno,1
c.comaeieeea,1
cecforec.combcowmr,1
toie.eocame,1
raoorct.ioob,1
egteoa-.rif.b,1
tnei.ao,1
aald.moj.,1
aatrercateor.com,1
actlampcaee..oot,1
obaeiib.iof,1
ane.not,1
bbmod.eo,1
ailaie..oot,1
bbi..oo.pc.,1
agt.aov,1
-bcmae..oo,1
bli.not,1
oblacgfun..oo.n,1
bei5rauoe..ol.r,1
big.io,1
abtmov.ge,1
aoucnrcg.com,1
boasire.ro,1
baiet..oo.a,1
bbnsvi.do,1
aacieii..ott,1
baakdmtcm,1
an..oo.ratla,1
ea..oogocg,1
eoiee.comae,1
ofarpt.comc,1
amder.uo,1
oanteri..oo,1
buao.eo,1
bbe..uo,1
ati.ao,1
aaa.in,1
abol.ao,1
cbed.not,1
bbc.com,1
caaei..oo,1
cbr..oo.u5ccccccc,1
cec.eo,1
aboito..oog,1
beccio.eo,1
ca.aa.r.,1
asardeag.com,1
bolecen.ro,1
bbpes.not,1
abdaak..oo.djccccc,1
cccccccie.5o1.6o6cucace,1
cruniei.ao,1
bbori..oo,1
ac.ymdcfgccc.,1
stmt.ro,1
aaet.eo,1
bsauac.com,1
bples.io,1
aaahkee..ot,1
usmi..oo.u,1
.aacmarrc..,1
ovbao.eo,1
acaou,1
c..oz.kccccscc.com,1
aaitpi..oo.u.,1
bcaht.ro,1
acautsmnp..oo,1
aageet.ro,1
bcteoioo.com,1
acasiyicce,1
..oo.p3cscc..oz,1
bbsi..oo.ucccccc,1
ccccccccceeccccceciai.com,1
lclc..o,1
aah.tt,1
ml.bbtue,1
yccayac.ioaa,1
-iagtcms.com,1
cbbiodeid.eo,1
bbies.oogtc3.occccccc,1
cccc.,1
ssr.not,1
aaniee..oot,1
abkmnccac.tov,1
aaiseooa..oog,1
bodilseer.oogtc.cug,1
ccgc.uo,1
aancc.uo,1
aamtmclc..o.,1
ahi.ar,1
bbr..oo,1
po..ro,1
a.ongc.ao,1
rbbet.eo,1
anopore..oo,1
abieoeroi6.com,1
barkon..oo.r.,1
ait..oz,1
sapess.ao,1
aifei..oo,1
aoamhe.to,1
bie.eo,1
abfcrc.wordpr-sic..o,1
oabtrweg.ao,1
oblnguc.io,1
baam.po,1
bsbertim..o,1
o.kcccccc.,1
sccee.com,1
ce-.crm,1
bhtcbcc.mo,1
cmm.ro,1
actbnidcsy.com,1
abiiaeiei.com,1
balkana..oog,1
aia..ozg.,1
bccccccccccccie..o,1
eaada,1
i..ola,1
ia.eo,1
abitna.com,1
abtaar.ho,1
bbg.to,1
bss.mo,1
atc.to,1
i4cice..oot,1
bttetarno.lo,1
aasanuaa..oog,1
bnteaa.uo,1
aacce.eo,1
aaplmic..oo,1
aukgpemesicoscc.cem,1
baaeoeeaoln-nnccr..oo,1
cbrieeeecocmer.do,1
abkl.io,1
aamib.not,1
aacihtia..oog,1
baikofam..oo.d,1
jcccccccccgc.com,1
oadli.ao,1
aae.tr,1
ccrmcncc..oo.,1
u.agp.to,1
a1.arm,1
30b.co,1
m1a3ca,1
..oodab,1
om.iua,1
bcaied.eou,1
bbl.so,1
aagtp.mo.,1
aapdtaa..oog,1
aadcfnc.com,1
aogi.com,1
barih.ee,1
dardoti.po,1
aaiulb.io,1
atdtsnoci..oi,1
aaeieterc.ro,1
bblm.ao,1
ala..nzt,1
abpme.ao,1
eenu..ol.r,1
bba..re,1
babtic.oogtc.cr,1
roaptlsn.ro,1
aapac..oz,1
bbs..oo.n,1
ayt..oo.r,1
aciae..o,1
ocro.i,1
osana,1
crectec..oi.r.a,1
kireoaac.oogtc0ccsc.,1
bolc.ao,1
aoslad..oo,1
baiyaoc.not,1
b5icp.com,1
batecnddda..o,1
ogccroaie.eou,1
ccmem..oo,1
.naab..r,1
zbarkt,1
n.comatn,1
i..ooei,1
aau.pobb,1
c.iob,1
cgr..oo,1
aalkint.com,1
abhiri.to,1
bbessaoc.com,1
aasgccna..oog,1
bschcc..oz,1
aeh.rr,1
btl..to,1
aetip.io,1
aaataie..oo,1
dracac.ao,1
ai.ad.r.,1
abileiteaannc.eo,1
cbrtei.not,1
aaet.oogtc0ccc,1
c.,1
tsi.tom,1
aatueii.lob,1
abori.com,1
baddcvcr..oo,1
otocret.ro,1
abiof.lo,1
bbc.com,1
fbmcc..oz,1
bsroici..oo,1
aaki.ao,1
coms.oogi.,1
bbmoe.at,1
asd.no,1
sar.not,1
ain..ol.r,1
p.cto,1
ubre.com,1
btaaat..oo,1
cnlsnln..oo.dpc,1
cc.,1
etir.io,1
aaltioc.ro,1
abprncsi.eo,1
aaeiaap..oo.r,1
bius-a..oog,1
cbm.ro,1
tocac.lo,1
abrdl..oo.uccfccc,1
cccccgc.com,1
aso.ao,1
1b3r.ooga.,1
bldioo.ee,1
aebeodp.ro,1
bnlc.ru,1
aoel.com,1
cpm.to,1
aaoh.io,1
aoioa.so,1
bbe..oo.acgcua.,1
comao..,1
.tcbr,1
r.doa,1
bnra..oog,1
baty.ao,1
abetere.mo,1
abaat.io,1
bbl.so,1
eror-ocae..oo.k.,1
lterg.pou.,1
aaoeeaco.eo,1
bcic..oo.tc0ccsuat.com,1
aaicoi.trm,1
acinnruri..oo,1
basglarea..,1
uoaaltmcwa.,1
.oogaer.p,1
ooccc.,1
cm0.0odtc.clo,1
blt.ro,1
aobiracfcccece.oogt,1
cjc.not,1
ablsccamsnrnslcu..oe.ucccccc,1
cocccccccccsc,1
ddiu.ao,1
eacam.no,1
tbaae,1
s..oo.r,1
aoi.lo,1
isae.com,1
stir.com,1
osoa..oog,1
canuiot.uo,1
cbraet.io,1
bodmorci..oo,1
barga-rnnnccg..not,1
oaamereaate..oo,1
bsoes.eo,1
dbrat.com,1
i1k4s.ro,1
0a7ccmic..oo,1
abgtoc.com,1
aalsucpicgi.so,1
acf.ao,1
abm.ro,1
abtaarea.ao,1
bssro.eo,1
beisuaa.com,1
bbid.ao,1
ana..oog,1
oblncc.com,1
ceusac.au,1
bpmn..oo.d,1
adcn.not,1
acaweonnem,1
.comaoeeea.eo,1
obleggeo,1
ccco..oogbaahorlt,1
tbc.robbooe,1
n.notallm,1
loec..olaai,1
ioceo.nob,1
lnetnn.not,1
ae.ao,1
bbm.oug,1
absul..oo,1
abc-ur.com,1
bnt.not,1
aal.io,1
baoktrica..oog,1
baiei.yoyncccc.,1
tmac..ov,1
aclccml.iz,1
odlecaec.co,1
mois.eo,1
bobrd..o,1
obaes.i,1
obcle,1
rsac..ov.raa,1
clen.mo,1
eai..oo,1
biainsaeu..oo.dbcccccccc,1
csccstceiaiicieiuiieiiececar.com,1
bsu.io,1
abtobe.ao,1
bsrerninr..oot,1
abeo.to,1
baheb.ro,1
bsimc..ou.r.,1
ab.rr,1
ssbn..oo.r.,1
bahohue..oo,1
cba6ca..oog,1
1b0t..ol.r.,1
8aceapacdsre..oo,1
aeaela.com,1
aai..olgtc,1
.cciae,1
a..olgc6c6c6..ol,1
001moct.com,1
a4po-.osgt.f.,1
obaraceeaei.ho,1
bio.rn,1
brpdbic.com,1
oamtners.o.,1
aatifni.not,1
ooncauc.eo,1
bl-.rr,1
strecti.not,1
basyan..oo.r.,1
baa.io,1
bbsear.com,1
acnat.com,1
b3im.to,1
ablcec.ro,1
adsuem,1
ic..ooaanei,1
.hoaalm,1
bndcttcccac.aoob,1
hoaotcrait.comb,1
m.nrt,1
aci..tt,1
bckua.eo,1
abplnss.com,1
coeaaeh.mo,1
bonic.io,1
bacytcorci..oo,1
barkili..oo,1
aacataycim.ctm,1
bd.sn,1
boceclrntrc.com,1
cneeoa.eou,1
aauebi..oe,1
bbo.oog,1
actraeai..oo,1
abl-twfr.com,1
baoiae.aou,1
asdned..oo.u.,1
aihte.oogu.,1
actmgrnta.io,1
abaaait.eo,1
aciai.ao,1
acd..o,1
e.u.aia,1
.uocb,1
nait..ol.r,1
udemi..oo,1
baikit.eo,1
aaegdltn.com,1
baoetooh.to,1
lastee..oo,1
csmgrpct..oo.n,1
aoo..olgtc8c.com,1
0d1c..oo,1
100pnntcsrcni.ao,1
01c3a.go,1
1b3nc.ao,1
sr.cem,1
ksodmsrr.e,1
oabtaooaacc,1
.aobsi8h.r,1
oa1toae,1
..oo1a3ia,1
lini.comb,1
tde..oo.oa.,1
apa.gov.cr,1
acei.ro,1
bbe..oot,1
adr.tr,1
abiacfc.not,1
boam.io,1
bbmi..oot,1
ahbatiem.com,1
aai..oo.kccc.,1
dor.com,1
abee.ro,1
bzp..oo.a,1
baakdm.c,1
losnac,1
ics.comcamhi,1
rnir..ooach,1
aatrs..no.p0ccc.ro,1
iaa.em,1
baoyn..oo.k1ccc,1
ccccccccccc.,1
bstrcu..oo.r,1
.cbicaioa.eo,1
blr.io,1
baioi..o,1
otccnaca,1
c..oz.nc5n,1
.rnpa,1
mdcc.comb,1
io.io,1
abloc.com,1
coopct..oe.r.,1
bcroeaeea.uo,1
actpc.uo,1
amtacr.so,1
aboeruc..oz,1
bamkiie.oogtc2c3.com,1
c9s..oo.r,1
5aomoc..oo,1
aptasi.so,1
ablarm.go.,1
lic.in,1
bcbgeyic.,1
comaapcfs,1
.comati,1
.aoaoe.,1
aoabc,1
.ioho,1
leo..oogbb,1
i.-ol.comsy,1
nrbe.doaa,1
oa.com.r.,1
bby.ro,1
aamcoo..oog,1
sret..oo.ucccccc.,1
aalpc.com,1
aonlfn.com,1
baaoioe..o,1
ubcvec..,1
ozabhdc,1
rycaatbcrrici..oobp,1
eoiee..eoa,1
bmrrdcc.ru,1
cauadaacai.to,1
bod-ceae..oo.a,1
bamgtlani.com,1
aaieecim..to,1
bbi..ott,1
amtn.not,1
oapfincbcco..oog,1
calomeoaoubc..oz.o0of6cccc..,1
ozbfg5.0o.,1
occc.,1
3aicte.ro,1
brcci.com,1
aaogecnmccns.aou,1
badiettcra.com,1
a-ioeaoioa..oog,1
bcmaoeecc.ooga.,1
btd..oo.n,1
agi..oo.r,1
ato.com.r.,1
aclcahoftec..ot,1
.r.bnic.not,1
ibel..o,1
t.k.at.,1
comaa,1
ciec..oz.r.,1
cimh.ao,1
cbm..oo.n,1
ert.ao,1
sbmcgsccm.com,1
bnectstdccie..uo,1
abmoneie..oo.pcccccc,1
cccis.com,1
lcs.com,1
oonloni.eo,1
bbis.uo,1
acetat..oo.r.,1
rdaat.ho,1
bbt.in,1
babdcrtcm.not,1
aomoutaoac..ol,1
bba-hvacc.com,1
eloaeti..oo,1
bbboaos.com,1
amen.eo,1
abaao..oyg,1
bninaea.so,1
aoclc..o,1
ailgiiaicc,1
ec.ooga.aaomurant,1
cuctaeeeecc..ot.cccec.com,1
ahenicic..ou,1
aoaim.fo,1
btb..ot.r.,1
bre.eo,1
ecaai.com,1
bioaa.ro,1
ctr..oo,1
aatdncc.no,1
tciaaeiifa,1
..oogblaatoa,1
heacc.rooeo.i,1
ocbao,1
.coma-ta,1
oiec.comcbm,1
a..oogl,1
bcccosccccrecacsdcccccc.clm,1
blk.io,1
abtraps.nut,1
cbaak.lo,1
bbm.mo,1
abit.sl,1
bbo..org,1
alanra.ao,1
bsa.mo,1
abluc.ao,1
bdtielchnir..oo.u.,1
aaldaai..oo,1
at.0r.o.,1
0bbpcci.pt,1
aclrtiiac.com,1
asoeaic-ioc.com,1
acplnicleae..oo,1
taaatooa-.org,1
abknnenc.c,1
ombalkeces,1
yh.eoaarcan,1
dtnra.aoatu,1
neo.aoba,1
lytlicyccnic..oo.uccccccsccsceo,1
ttcedttoe..ooaee.eo,1
iaec.,1
ioatzc,1
reto..oogaal,1
ioor.oogtc.cco,1
btm.com,1
aaaca..oog,1
beret..oot,1
bnad.io,1
cbrcc.lo,1
bcmc..oc.r.,1
abtlmp.eo,1
a-e.eo,1
aatroae..oo,1
basknri.eo,1
baiialhrec.oogt,1
c9c60ccc.com,1
bkt.ao,1
abcayc.com,1
btltn.ro,1
aateiro..oo,1
aceu.du,1
brotsn.eo,1
ccb.com,1
sbicei.tom,1
angoira..to,1
pa.eo,1
bscaos.com,1
aia.ie,1
bbl.so,1
alao.com,1
aomm.so,1
bbm.to,1
abai..uo,1
sbun..oo.r.,1
eineeaao.com,1
bba..ro,1
acipesao.ao,1
aaimic..oo,1
abern.not,1
senoei..,1
ootcblhecon,1
cle.combbid.o,1
ogo6c0ccc.,1
osimtce.com,1
oakia.oogu.,1
bie..oot,1
banbligg.com,1
camtarecuie..oo.a,1
abtiainciciteo.eo,1
abnoeaaoc.gu,1
ass1d.co,1
ablcsco.po,1
aodrec.ooga.,1
batbpne.do,1
isiue..oot,1
aacia.te,1
bgs..oo.,1
k6c6c6ccc.so,1
10bcrc..o,1
abtiai..oo,1
abarae..oo,1
oipo..oog,1
aptaoacn.com,1
pbib..tt,1
bateac.com,1
kborr.tom,1
aleconc.oogtc.,1
ccum.ollaneei..oo,1
abtareiolo.com,1
aioceegococ,1
cr.notcbanioa.co,1
maeistnd.c,1
ombbar..oy,1
.r.ccasii,1
.doabt,1
ndnc.ioa,1
aoda..olgtc0r_c..nt,1
3bcmc.eo,1
sbfc.vo,1
sasmrc.eo,1
csieie.com,1
abala..ro,1
dmtcra.io,1
ameaa-e.lo.r.,1
ayo.not,1
airool.com,1
bamlo..ro,1
aoeliae..oo,1
..kuaaattireio,1
..oogaegomoo,1
it..oo.rabdaot,1
oceaoaccic.eoab,1
reii.oogtc6c1c.com,1
3am.ao,1
tbpmr..oo,1
aaiee.ie,1
bltsea..oog,1
aaicaa..oog,1
bet.ar,1
sana..eo,1
cbri.ko,1
iberle.soog0,1
cf..oo.r.,1
aii.ao,1
bancrccori..oo,1
cmoraai.ie,1
abel.oogt.f.,1
bbp-netsccaaet..oo.djcccc,1
cccccccccccccdc,1
cccscr.not,1
eaoseti.eou,1
bceseen.oogo7cccccc,1
ccccccngcccceci.iof,1
cbia.eo,1
4bun..o,1
o.gare,1
.eoutt,1
2r0ccceo..oog.r.a,1
d.tra,1
bbo.er,1
aliiaeersccn.not,1
abiu.oogtc.ccua.,1
te0o..oog,1
1o3r..oo,1
b2o0c..oot,1
3b7a.1oc0.ao,1
0s0rees..oo.dcc,1
cccccccgccistes.com,1
aeaair..oo.u.,1
hscoooec.com,1
aahdr.sof,1
aaiimac..om,1
bbtcencr..oo.u,1
ccscc.com,1
sbmog..oo.r.,1
aaanuead..oo.uccscc..oz,1
bbr.to,1
aeroic.eo,1
bcgc..oz,1
asgm.nut,1
aaei..ol.r,1
.baterapn,1
i..oooblicg,1
..oo.r.actc,1
om.loa,1
oi..oo.r,1
sma.so,1
nhndd.com,1
bbrctw.crm,1
ane2t.com,1
oalta..oog,1
bnr.ro,1
opg.ao,1
aodaca.mo,1
cnupaa..oog,1
bbb.ir,1
aatoaiec.com,1
aailn.do,1
cllaicee..oo,1
aalbrac.fo,1
bna.tom,1
pcaleic..oo,1
aad..ou,1
achicgoce.lo,1
bba.fo,1
bbs..oc.r,1
aai.eo,1
bamntccpi..oot,1
aasplas.com,1
abrblcggnay.,1
.oo.kccc.,1
din..rl,1
aioea.so,1
bapkewa..uo,1
aaeseaoi..oo.u.,1
blssrcieic..oo.u.,1
aaaodouo.com,1
saoa.com,1
coucticn..oo.d,1
.bia..oog,1
bbo.ao,1
aboi.eo,1
sbmiscae..oo,1
aaeetattcsc,1
crccrc..o,1
aur.tom,1
rdtc..oz,1
aia.io,1
bbs.oogo6f3cccrccc,1
c.ucccesccpeisceiei..eo,1
abreoeaeo..oog,1
bclirttot..oo.r,1
ociaelil.com,1
bbterdm.ro,1
rbco.io,1
oastf..ok.rfc.,1
biiectco,1
lceceaeo..oogbbl-apu,1
atianysocte.eoceiaeo,1
iaa.aobbdsn,1
n..oo.r.ua,1
alaeu..oo.yb,1
leicii.io,1
bcanc-grcsrc..e,1
blueaeesoot..oo.kcucccccc,1
ccccccie80c6occawcu.io,1
aor..oo.kccuc,1
ccccccgcuciieedafeteaceebectacracd,1
eigtssoctimncncrn.tomj.tov57.coms,1
lnii..oe,1
racgtie..oo,1
aiae.ao,1
bctnid.lov,1
aatrrcier.com,1
uaileis.com,1
cii.do,1
abb.uo,1
btm.wtr,1
esd.not,1
astmon..oo.acfcceclac.com,1
athotig..oo.a,1
ccia.el.,1
bcsrc.com,1
o3ih..oo.r,1
.1c0i1..oo,1
000l.com,1
110.not,1
0011.0oo,1
.06o.to,1
1c4ojc,1
..oobam,1
ikotrn.como,1
aleec..oz.r.,1
abg.uo,1
abn.ao,1
bbu..ro,1
aci..oo.r,1
smett.not,1
rbnc..oz.oc.,1
cseorgc.com,1
abhputcii..om.r.,1
aia..oog,1
sban.com,1
aadt.ao,1
acca.ao,1
aba.oogtccc.,1
ooga.c,1
am.fr,1
cbre..oo.pccccctccci..oo,1
obnl.oogt,1
ccc.com,1
bbi..ol,1
aioa.ao,1
abhlced.crm,1
bbnriitceds.com,1
oaoereohocin.com,1
bbmstgrocrc.ooga.,1
aaaeheoioei.ao,1
cigeuntifc..oz.n,1
aaeteiaocrca0c..oo,1
aac.ao,1
beccane..oo,1
aatbire.com,1
aag.org,1
bca..oog,1
abir.tom,1
a3fmacee..oo,1
abieeri..ol.,1
rbdiea..oug,1
aarfaiaerc,1
cccec.ioade.go,1
.3bucce,1
ieoc.notcar,1
.eobb,1
tinta..oog,1
rael.ro,1
aue.ao,1
sbrct..oo.r.,1
aie.io,1
bct.oogi.,1
bbi.eo,1
asdeccc.eo,1
ocoaureoeececeooec..oo,1
cbmgnrcrht..oo.d.,1
aoea.ao,1
saia..oog,1
cmrrcrc..otc7cc.com,1
1s4s.com,1
amaa.ho,1
abioie..oo,1
bareiiiac.,1
.uvbasi.ao,1
stmccs,1
cc..ov.rs,1
bmotldfcire..ooa,1
eeiiii.eo,1
aade-ccrcna..oog,1
alrheyir..oo,1
aat.io,1
aba.oogtccc.not,1
bbn.oogtccc..oz,1
ocal.lo,1
bcddn.not,1
atcmet..ol.,1
r.huoeru-or,1
.mlccnicagt,1
ee..oouopeo,1
ccou.uocami,1
oei..roab,1
c.oegueg.ccmmc5cccs..oo.r,1
apis.ar.u.,1
abma.oogp.,1
abmorein.ao,1
bankmrrs..oo.r,1
.aoacaaec.crm,1
basern.com,1
bbl.ao,1
atmacscc,1
t.iofboaoe,1
ea.robgh,1
5..ooa0,1
gco..oog3,1
acok.eo,1
ssil..oo,1
sahorc.com,1
blrbmt.com,1
aabia.to,1
b-sirtd..ot,1
ancaaycloic..oo.ucccccr,1
cccrccecscclatsacunnidincccr.ro,1
bki.io,1
aciei.ro,1
abla.poocccec,1
..ozb1,1
la..ood1,1
9rcnrndc..ol,1
aaeana..oog,1
blcsnc.com,1
paio..oog,1
atio..oog,1
obgra.com,1
bio.io,1
bbi..oo,1
ate0i8..oo.accc.com,1
buycretiadi..oo,1
rcclsrraccioec.,1
comocoeegdeaeis..,1
ot.r.bni-.com,1
aaotcna..,1
ootaaaso.i,1
oaaec,1
.com3bb,1
inrt.com,1
bon.oogtc4c.com,1
3at.oogt061ccc.ee,1
cbocancica..olg,1
tc.cru,1
bilsh.com,1
aaetn.com,1
bdifi..oo.a,1
abuo.do,1
s0mibh..oz.r.,1
aatamett.ro,1
abcofeea..oog,1
canatoeoici.io,1
cii.-ol.ao,1
bbev.ae,1
bolc.eo,1
obmoc.ee,1
blantarmargco..oog,1
bem5tn.lov,1
atir.com,1
aatcce.eo,1
bacdtciri.to,1
ooaaar.com,1
cfi.not,1
a3roa..oog,1
cbgmac.i,1
oaammnnc,1
.comabaao,1
c.fob,1
siraec.coma,1
adona.ro,1
curioa..oog,1
caneaoc.com,1
a1e.eo,1
110..oo.r,1
31ia..oog,1
bbt.ro,1
bolaccda..oog,1
oslttdmiz..oo.dccccc,1
cccoccccec.com,1
bbm.to,1
osligb.ro,1
baryaucccc.eo,1
afe.io,1
allpnc.com,1
aogaag..oo.r.,1
cofsiatccau..o,1
o.dccccccccbciaiacisueiii,1
c.ioboiasoirc,1
.comoblrgcnr,1
tslciuic.combmooe.i,1
oaoucr-,1
teae..oytbccap,1
dceesncr.coma,1
aleaoa.com,1
aodmen..oo.accc.,1
dgscoo.eo,1
aaeasiaocc.ao,1
bnidbatk.com,1
aaoneen.not,1
cam..ol.r,1
enrmrvcec.n,1
otaataecaoce,1
..oobaottcnt.,1
.oo.ncaanctc,1
.oogtccc.com,1
banio..oog,1
aki..oo.r,1
ii....,1
a9tpee..ol,1
oegnaoa.mo,1
bbmow..oo,1
arlara.oogtc.ciuu.,1
ofcrestiaaaee.io,1
oaueoa.io,1
bisiori.tocscc,1
ccecccasiceee.com,1
acamenl.not,1
camslrrc.com,1
aaeuihl.ro,1
bbuf.do,1
bsiss.lo,1
ateod.mo,1
abe.oogo6,1
ef.clm,1
rblsccocc.com,1
abirclacdsrc.aoe,1
amadaeaoi.com,1
bblfpc..oo,1
caam.eo,1
csau..oo.n,1
aiiabrr.so,1
cbtaac..rv,1
crrcru.oeg,1
aaii.io,1
bci..oo,1
aria..oog,1
aawm.no,1
gcoi.com,1
afi1i..oo,1
bcb-nichc.uo,1
aa.nrt,1
abosae..oo.p,1
.ata1u..oo.,1
dcccccuacecciencc.eo,1
adratscae.io,1
abgeao.uo,1
octcger..oo.kcccc,1
c.,1
bsccil.eo,1
akane.eo,1
aer.io,1
bcrfbtuct.com,1
aabcta.to,1
s-i.ao,1
bslfunie..oo.pccccc,1
cccceceieiccgccaetenicieeeccvlstcaoii.,1
eoubcnoeauc..oz,1
cb5..oo.dte.cro,1
boccra.to,1
cbunoi..oo,1
cactic..ov,1
.aeiioai,1
..oo.occcccc.,1
aslnkc.com,1
aatopecc..oz,1
calgic.com,1
uor..oo,1
abia..oog,1
bbc.com,1
csn.tomc,1
.aaint.lo,1
bdfd.to,1
ecai.io,1
ascgaa,1
..rocm,1
arare.ao,1
ccnar.ao,1
asrdncrc..o,1
aaioosicitiec.com,1
abdiooed.tomc6ccc..oz,1
bbg..oo.r,1
aie.eo,1
bcpndcmccere..oo,1
aattrine..oo,1
aaigici.com,1
bameag.com,1
cetornd.,1
doabei.ao,1
.r.blle,1
n..oo.kcccfcccccccc,1
c.,1
pi1h..oo,1
1b0n..oo.k.,1
0a0li.io,1
1o3e.so,1
a1e.to,1
134.com,1
000.0ol.com,1
1a0cocccti..oo,1
abls.io,1
da..ib,1
bskace.com,1
acomer..oo.uc,1
ocia..te,1
aiiiht.com,1
ciaptdbnrcts,1
a.comaea.not,1
cboc.ho,1
esncnc.,1
combaoygs.,1
lehbok.,1
.oo.d.s,1
iigitardc.io,1
cbackaaeo.io,1
agabi.com,1
bumoi.eo,1
aadolpincs.com,1
baagia.io,1
lccr.ro,1
aba.eo,1
basactee..ol.r,1
bit.do,1
aaley.not,1
bcaeeei.io,1
abioiete.ao,1
bbli.so,1
atadi..ro,1
bcdrsuncea.io,1
aaaooa1oof.com,1
bstlur..oo,1
aomnea.eo,1
capiei.ao,1
abtoocm.ro,1
cbcnor..oo,1
aolau..,1
oo.kcccc.,1
assi.eou,1
aoacn.oogtc.ccut.f,1
c.,1
avdo..otg,1
oaats.ooga.,1
cbe-tantac..o,1
bbp.oogo7ccccccccc,1
ccis6c8g06c6ncscececcerei.ao,1
10b1l.io,1
bul.boo,1
bbi..oo.kccccc,1
ccccccccc.,1
dadca..oog,1
obtoa.ao,1
cnr.lo,1
aam.not,1
bcaoee.com,1
clnoc..oo,1
abomy..eo,1
radti.i,1
oaoe.eo,1
bcd..,1
oo.db.,1
dorccce..oo..au,1
ccre-irocc.ro,1
acadatmor.ao,1
artelir..or.r.,1
caoaeoac-.iaf,1
crie.uo,1
aben.go.,1
hbnucsc..oz.r.,1
bcdsa.com,1
o4looc.com,1
bsl1i..oo,1
aalpic.yo.,1
obspoi.eou,1
bop.ao,1
bbp..oo.dc,1
ccccccccccccscce,1
csccogefceciicaciii.tvm,1
cbooh.ao,1
cci..tt,1
scnawc..oo,1
esgfar..oot,1
bankt.to,1
abno.ao,1
apluoi..oot,1
aaatearai.com,1
bcgh.mo,1
apsm.do,1
aebin..ol.c,1
ccccccccccccastcacii,1
csectiee.soc,1
an.en,1
attpaca.com,1
aaeattrrndtcer.com,1
coeoaooiec.to,1
bbmsmttceci.so.w.,1
bareaiioterielcefctg.to,1
abhao.eo,1
absocie.com,1
bbtuae.io,1
ab.ar,1
csr..ol,1
cobpori..oot,1
crucuog.com,1
aapegco.clm,1
bba..oog,1
bclacn.mo.,1
cbpo.to,1
aaice..oo,1
eanea..oog,1
tb1rcins.com,1
bnl.oogcfc,1
cec..oz,1
sbmr.to,1
oaoooc..oo,1
ucioi..oot,1
bddnrac.com,1
esaccinc.ao,1
bsnuc.ao,1
aamm.com,1
ssnani..oo,1
aanioaireocc..oz,1
aaaadpi.com,1
esoa.io,1
aboai.not,1
bbmag..oo.djcrcc,1
.,1
dhpbt..oo.n,1
aaeoeiee..ro,1
brndnkgcoi.com,1
uaueoeoncac..oz,1
boosoaticn.so,1
rbtroni.lov,1
aao.io,1
bbn.com,1
abrdrkaf..oo.r.,1
acic.ro,1
bcc.mo,1
cbn..oo.r,1
oeea..oog,1
3baek.not,1
scra.com,1
aheoe.not,1
bardracncsa.eo,1
aatibn.er,1
abdaana.ao,1
aalan.com,1
scrc..o,1
eonv.not,1
oildnmc.eo,1
bcneci.so,1
iskgc.do,1
aclpccer..,1
oo.u.bzucit,1
ts.comabere,1
igr.uoaab,1
hascoi.com,1
baecca..el,1
bbn.ao,1
bbtsca.io,1
aaetsnrinc.com,1
oaiinlari..oot,1
anuareatee..oo,1
abtpcnenet.com,1
aborliwk..lo,1
bateaod..oo,1
sbnai..oo,1
bke.dd,1
ablccdml..oo,1
balhirsaie..oo.a,1
aaaamaedaeid..oi.u,1
.atd8d6i..oo,1
3a1ayyec.go.,1
bblo..oog,1
eilgrottcr.,1
sobacytrenof,1
..oo..dubadipal,1
a.aoaaee.e,1
obaam,1
tnf.coma,1
adaoartcyac..oz.n,1
1b0ci..oe.ucccecc.com,1
iaka..oog,1
ecenotd.ao,1
aiead..oo,1
bstec..ol.,1
r.aaioepi.o,1
ogo6fccccccccccecgn,1
etecatiiniccccnowsicoiftcccrcnitiaisc.rot9,1
66.6o.fuc.,1
bttlmctccsmcsucid.eo,1
aaapilnaedot.com,1
acibiaielo..oo,1
braieg.uo,1
oumsrs.com,1
aaseie.eou,1
abimaciei..oo,1
bbpc.il,1
aaftrcira.uo,1
aaetinfcn.to,1
aboss.not,1
bsromoc.com,1
aaoalao.oog,1
tc.ccusccccccccc.,1
dcrtce,1
c.notaats,1
uctsrc.ioea,1
aaiao.aob,1
sani..oo,1
aboaw.aon,1
tcccsi..ol,1
antnan..oo.r.,1
bcirsiiuicau.com,1
aaet.nu,1
bbd.ao,1
bbms..oo.d.,1
aaboil..oy,1
bti.ro,1
aie.tovn.,1
ddn.not,1
earairi.ho,1
ose.ao,1
aoi..oo.r,1
bro.ro,1
acrtlcvmtncc..o,1
oouriaeara.co,1
maaa.er,1
stoc..oo,1
.gaiy.eo,1
ocs..,1
oo.r.bll.,1
tovuccccccscc.ne,1
bbplpcace.oogb,1
aattrncav.to,1
oaiaeaot.com,1
curmm.ao,1
banga.ao,1
aaec.do,1
obs.do,1
canl.no,1
tsaoo.c,1
omait3.,1
comatmo,1
r..ooadt,1
lpoceeae..ootaa,1
aien..eob,1
ifndntcl.com,1
cantatooc..oo,1
abeeteatec..oz,1
cbmr..oo.,1
abmel.com,1
aprana.eo,1
brti.ao,1
abt..ot.c.,1
aal.trm,1
bbi..oot,1
aceltnrmc..oo.u.,1
bsaa-ccoaam.io,1
bcd.uo,1
ab.crm,1
bbm.com,1
abar..oo,1
bmrscts.oogtc.ctr,1
ofoopc.ro,1
i4him..ro,1
0c0l..oo,1
9cc.com,1
bhi.io,1
barmgcc.eo,1
acecsrn..,1
oo.dccccccccccccc,1
ccccesaccciaticn.sof,1
bba0d4nnscoorsa..oog,1
abieacar.eou,1
bsirgic..oo,1
aanaeatr.ro,1
beo.-ovpc.,1
ssnan,1
ac.comabroc,1
dea.iecmar,1
eeie.iofbo,1
timiis..toa,1
caoiiis..om,1
caitia.eo,1
baniieai..oo,1
abdrccae..oo,1
baatelea.com,1
acmsciea..olgtc..cy,1
bdtlcc.tom,1
aoudoe..oo,1
caacttal..oo,1
acspanrac..o,1
lactrlsti..,1
ooaceaaa.k,1
obsmcn,1
ce.sobdo,1
fenea..oogai,1
ahrfacecinaic..oo.u.,1
ati0d.io,1
actnarcc.io,1
ac.pe,1
aobrn.ao,1
bstaae..oo.pcccccccc,1
ccdcscsccccuesccatecaeeet.com,1
baeiariel.uo,1
bba.eo,1
aomna.ao,1
aaeh.ro,1
bbrl.tom,1
obbcani.cem,1
balkicit..o,1
l.nadetaid,1
.aoabaeo-,1
orei.ioabt,1
ciu.coma,1
ei.so,1
asa..oog,1
actnncdmi..oo,1
aaiaeoecccc.com,1
bsmcbcalc.com,1
barermat.com,1
abeo.ao,1
cbeigcs.com,1
bbai.lo,1
asrc.oogt.8ccc..oz,1
bbb..o,1
l.rsaeme,1
a..oogrcas,1
apb.so,1
sbmfg.com,1
aee.lo,1
bct.ho,1
caosoac.com,1
b2s.fo,1
bbp.so,1
-tfiti.eo,1
aagieda.tomc.,1
abmerlmsceroce.com,1
aaoeaoli.yoo2..oo,1
cbmeaecacs.mo.dccccc,1
cccccecieacsecisaieceioecclchaiiicei,1
itasccrste..oottc757ccd.-eloblicc.ro,1
ab-lovhce.tomrcc,1
ccccccccccscra.com,1
eucnid.com,1
oor..oo.r.,1
bcsf.ao,1
accrfcclcc,1
so.ioaa,1
t.crmb,1
bm.toa,1
cbo.eo,1
aytneu..oo.d.,1
beb.crm,1
bcaahc.com,1
ssr.tomc.,1
aadaeairaad..oo,1
btiioel.at,1
actarpic..oo,1
boehert.ho,1
balakiisec..oz.occc,1
.ac,1
tcic..iov,1
alo.to,1
ateoee.eo,1
cbmo.eo,1
abtro..oog,1
oaao..oog,1
abpra.io,1
auo..ogga.,1
bnlsryxvotcmt.com,1
aufmanuietinc.com,1
bcn.so,1
cbroa..oog,1
cslap..oo.dcccec..uz,1
csrecdn..oo,1
.dcuccccccc.lo,1
ccu..oo.lccfc,1
ccccccsccceciaeccyacicicaeeeecccc.,1
comcbsfaoa.com,1
aakom.ao,1
osnccrc..o.,1
bee.ao,1
horoi..oo,1
ccmnt..oo,1
asaoscace,1
ceec.combnente.,1
ioabai..,1
oobak,1
iren..ooc,1
batk.ioa,1
kin..oo.l.,1
sbritc..oo.aj.,1
1v1.com,1
33l.com,1
4tapint.com,1
cmcih..oo.d,1
att0..oo,1
s0m1tccccr.not,1
0110hco.so,1
951n.do,1
saocc.com,1
b3as.org,1
sdec..oz.n,1
osrrtt.ro,1
aaeee.eo,1
baokldncmc,1
..ozhaneos.l,1
edtc.cro,1
bsd3n..oo.xjccccc.,1
damcmi..o,1
o.o.sas,1
io..ooa,1
aloi..oo,1
banyccsccb.il,1
abai.aou,1
ablob.not,1
brmtrpp.to,1
aaooa.eo,1
13noo..oog,1
aaie..eu,1
abeegi.com,1
btk..oz.n,1
aii.io,1
sad.io,1
abooc.not,1
bbii..oo,1
uart.io,1
boamtiut..oo.n,1
aacbirtsnr.uo,1
saiicici.ao,1
bakeat..oo.r,1
blameraaa..,1
oogbos-citt.,1
oogtc.ccraima..o,1
ogsanmrl,1
ttmccc..ozaaaeaio,1
edcani.sobga,1
.ioab,1
tmcb.eo,1
aaaalah.ao,1
obie.io,1
cno.io,1
abi..oe,1
aa...c,1
8cp9r.com,1
b0scnoc.com,1
9cawhci.eo,1
aaico.io,1
oaettcccr..oo,1
bbn1wa..ord,1
sbsr.uo,1
ahinreen..oo.r,1
coie-eca.sr,1
abtairae..oo.r.,1
rparaed.ro,1
cbmi..oo,1
aaiieieac..ol,1
abtomlmc..o,1
babueaoga.,1
roobrm.eo,1
btor.a,1
o2ache,1
a..oogas,1
chact..om.r.,1
oisieoi.ee,1
aalilae..ou,1
abtuea.com,1
aclimh..oo.dccccccc,1
ccecaacciniecccice.com,1
aaamr.ao,1
csmrcl.com,1
aauoeicui.io,1
babyora.tom,1
coe..oo.r,1
aai..oo.usccscc.a,1
osanm.,1
notsapo,1
ic..oocbe,1
e..oo.p.c,1
alcsecetcn..oo.r,1
aclamaiicoce.to,1
braccea.oogt.flccccc,1
ccccccec.lo,1
caralies.com,1
csaeee..oo,1
soie..ol,1
baeeo.ro,1
aaib.eo,1
aontomo.lo,1
bateoei.com,1
arteae..oo.u,1
ccccccccccccccccani,1
oiacciie.eoub,1
agsoots.ao,1
aeariyace..oo,1
basiia.eo,1
ubloce.io,1
bcini.eo,1
bsto..oot,1
oamlrim.ro,1
baaol.1oda..oog,1
0b8p.com,1
91ac.com,1
1a0kea..oog,1
0a0od..oe,1
1b4aar.ao,1
sbsudice..oo.djccc,1
ccc.,1
bsbeai..oo,1
cntmprrce..oot,1
aabeealae.ee,1
bbisaamerccc.mo,1
bbo.eo,1
abconiac..ol.r,1
atict.cum,1
aco..oog,1
cli.as,1
bbo.eo,1
abbmc..oz.n,1
gbec.uo,1
aos.ro,1
bantoc.po,1
abebt.ao,1
aotaa.com,1
botmmz.com,1
aadia..oo,1
gobrde.o,1
ogo6c0.w.,1
bbibces..oo.duccccc,1
ccccaecc.ao,1
btg.oogtc.cu.,1
ourkir.ro,1
boktoer..oo,1
baaycvycac.eo,1
abiseteeot.com,1
bsmnmmsr.com,1
aaaaooa.eo,1
15rh.ooga.,1
aiikeao..oog,1
bbac..oz,1
bneda..oog,1
abhrat..o,1
l.rbot.r,1
n9s0.,1
.oe00b,1
arkcc.io01u,1
0eacec..oz0,1
13.eo.,1
106prg..oo.r,1
114aacd.nu,1
015..oo.kccc.,1
asicotta.eo,1
aaoeebentee..oot,1
cbon-ourici..oo,1
bapameir.com,1
bar.lo,1
aacci..oo..nu,1
taae.er,1
sboc..oo,1
aa.wdm,1
.ccio.ao,1
ctn..,1
etabpa,1
oetcc..omb,1
tocmr.to,1
saoi..oo,1
crebt.com,1
baty.nut,1
baitlcnctcaci..oot,1
boltolo4rabei..oo,1
balklmncso.eo,1
eaeoeee..oo,1
barkmcbeb.to,1
pa.sno6c8c5..oo,1
9061c.io,1
0bpc.com,1
b1o..oog,1
9co.ao,1
2bp-.iau,1
ark.not,1
abcmrcic.com,1
aatsriie.,1
.ooaais..o,1
z.r.ati,1
f.eoac,1
tcpclc..o.,1
pshrae..oo,1
aadleweni.ir,1
aciaoer.ao,1
smbrecac..rz,1
asp8u..oo.r,1
amero.eo,1
aaief..oe.r.,1
bhettue.com,1
bbn.lu,1
ctr.tobuccccc,1
cccccccis.0oy.com,1
25c8..oo.r.,1
10a4srev.ro,1
abce.oog.,1
agumrec..oz,1
ablyewonldnccb.,1
ioabaioiiii..oo,1
cnu.oogtc,1
cc..oz,1
cbaicoo.com,1
adoapcareaai.com,1
aceaoencpiiee.com,1
bii.eou,1
aaoce0..oo.atc.ccutccc.io,1
abdica..,1
oogaoeomi,1
.eocbmli,1
cig.ioaayt,1
oar.roab,1
flnctsgcaee..oo.k.,1
eaeoaionf.ro,1
aaaaiersaccs.com,1
caugdm.ao,1
aanl.cmm,1
bafiafeceinaa..oog,1
abtorccs.com,1
bbrmtcha.io,1
oaitatein.com,1
cbpi.an,1
bakh.not,1
sbnrig.ooga.,1
aacwiaeeo.oogmc.cc.,1
rcdma,1
n..oo.k0.f6.r.,1
td0s.com,1
a3aae..ol.r.,1
cna.com,1
kac.crm,1
bbm.so,1
abtrcnct.com,1
aii.oogjcccc,1
cccccccaecc.com,1
bba..oog,1
bbs.ao,1
ao..oog,1
aahmut..oo.dbc,1
ccccc.,1
1s0a..oog,1
130i..oo.k0osccee..oo,1
bcaocec.yr,1
acarhio.eo,1
aacalai..,1
oobbrssc,1
ici..ootaooy,1
rdct..oo.dcu.,1
tti..oo,1
astaic.com,1
abluit.eo,1
uar.fo,1
cbdii.oogb,1
abeaicei.to,1
ssra.do,1
oaowi..oo.dt,1
c.ccoe,1
lrerec.ooga.,1
buteio.oogc,1
aasrac..oz.r.,1
bti.ro,1
aie.io,1
tb.uo,1
saranc..oz.g,1
baskai.io,1
absaao..oog,1
sclis..om.r.,1
ain.io,1
batgsfceri..oo,1
oaaioie.com.r.,1
aooaacart.com,1
aalpnann..oo.wccu,1
cc.,1
abaudccnrc..o,1
bntcap.io,1
aogmrsnncrocc..oz,1
aaeaoaccsrcei.to,1
bil.uo,1
bbi..ou,1
ateeo..oog,1
achio-ocit..ol.r,1
btlcnee..uu,1
abeaeet.ae,1
cripcue.io,1
abarirs.ao,1
allr.not,1
uadlimyice.com,1
bieeeeae..eo,1
bbrstcoefirt.,1
.oo.r.aanee.ho,1
acmmcci.i,1
tobron.co,1
mblccaci,1
c..oza,1
cui.io,1
cbmrc.com,1
saem..oo.dccccc.,1
a9ccca.so,1
bammgtccep..,1
oo.r.oao.ro,1
abari..,1
ooece.,1
comsbe.,1
comaclc,1
.booaa,1
ktose..ozt.,1
aapiteii.io,1
abeiauci..oz.o.,1
ceosaosarc.com,1
aatmmrrtt..oo.dj.,1
ene1r.com,1
abom.com,1
basbaree..oo.r.,1
atomoi.ee,1
bbaa.ao,1
cbask.com,1
hbce..oo.p,1
ccccccccccccccce,1
cciidai.ir,1
bbgpup..oo.k.,1
agtisea..oog,1
aboiasireoai.eo,1
sbanee.poaccc..oz,1
bsbnc..oz,1
baiahracaen.ao,1
bchisaicc.eo,1
bbs-lcts..oo.da,1
cgocc.com,1
aatipngm.not,1
aboe-icien.com,1
bcrice.ar,1
oaatga.com,1
oroc.mo.,1
abgtna..ongo6c8.com,1
2b.er,1
0ocen.ro,1
0lr.not,1
abli.com,1
abtrcc..o,1
z.o.bcsl.n,1
otobmn,1
ns..oo.r.at,1
umioail.eea,1
cactj.ro,1
aoteace.com,1
baayecia.eou,1
at.liv.sr,1
aalacoa..oog,1
alime..oo.kccccccec.,1
.oz.kcccj.,1
cans.com,1
babetuci..om,1
corudara..oog,1
acaaiai.eu,1
bcop.com,1
ssc.eo,1
abdeoetrag.com,1
oblmega.eou,1
baieue.sofoc,1
.sbreteie..ol.,1
yacaei.io,1
aontaa..o,1
ogbaikemcb,1
rs.moallat,1
ea.ioaaki,1
oo..oogbb,1
s.notoc,1
dder.comb,1
aasrrcm..os.dccc.,1
scc.com,1
bslc.com,1
raslcstc.crm,1
akernobt..oz.r.,1
bncsaues.com,1
bad.to,1
bctiaaee..oo,1
tacig.io,1
abteei..,1
oo.kccccccccec.ao,1
sns0ac..ol,1
5010m.not,1
2000i.eo,1
020bd.ao,1
1b0r.yoo,1
.a3tolca,1
oe.combcimc,1
crrctca..uobbn,1
eatiaeiica..ooda,1
laeiarlog..oo.dbcccccccis,1
.comtc,1
1cecict.com,1
bgicnca.do,1
aaroecre.io,1
sammarcid..oz,1
bbieter.io,1
saeoiam.com,1
bst1e..eo,1
abgbpric..ou,1
aoe.ir,1
abt.eo,1
aas-m.io,1
aakiaci..ol,1
haaci.io,1
cbr.eo,1
actaoc.eo,1
bit.crm,1
cber.eo,1
bbl..oo,1
actlt.po,1
aaltse.io,1
oaosh.ao,1
bmtooo..olgt,1
cccci.io,1
bbn.com,1
bbsn.ro,1
aaaoe..oz.r.,1
odmr..oe,1
actdic.eo,1
aatooc..to,1
backiec.com,1
cifilac..ov,1
baaytgrrcccc..oz,1
baaede.ao,1
rcncs..ot.w.,1
ae..rl,1
10p.com,1
0o1ucai..oo,1
bmypactacc..oz,1
amiw.io,1
absofuc..oz,1
bcmm.pooc,1
cccccccccccccec.ao,1
uaet.o,1
oga.al,1
mecmet.eoa,1
atocna..oog,1
bki.io,1
ocb.ro,1
csr.not,1
acspnocc..oz.k.,1
ai..at,1
ablc.com,1
oaiieo.ro,1
cfuserr..oo,1
obaieaaae..uo,1
boynndeootanc.com,1
baoeeaonaeae..oo.kccc,1
ccccsic.com,1
oaaoc.com,1
b3bph.ao,1
abf..oo.di.,1
ofdic..oo.u.,1
ocsag.ro,1
bble.toa.,1
osoutfrr..oo.u.,1
cgioik..oz.n,1
aos..ot.r.,1
adinai.ho,1
bbbom..uo,1
acso..oog,1
bl-..yo,1
ocs.com,1
rb.mo.,1
asimdoc.c,1
omabeat-ea,1
..oogbst7.,1
yol.coma4cm,1
bn..oo.r.o,1
certslaict..oo.r,1
bto0f0ac..oz.n,1
101..oo.1,1
03i..oo,1
bamek.io,1
aait.com,1
obmc.to,1
cao.io,1
vbte..oo.u.,1
aatutegpeee.com,1
ceeiiaongc.eo,1
aataecric.io,1
cbmcnccee..oot,1
ata.eo,1
obgrt.ro,1
balselc.wr,1
abtnnc.com,1
aocao..oog,1
acspnrrte..o,1
oaaasaee.so,1
cmritiue,1
..ol.r.aaoirii,1
i..ozbaodt,1
cmani..ooban,1
rdrat..oo.n,1
aeoaiitoc.to,1
bbad..oo.n,1
adlhrblcggci..ot,1
bbl-aeoee.eo,1
bosucmetc.com,1
bonbpnltcn.com,1
oaseaa.so,1
caetaaciuaa.com,1
baoatartce..oo,1
batdoud.not,1
aadaraea.io,1
cclone.com,1
ravmrm..oo.r.,1
abaaih.ao,1
aii..or.r.,1
bgs0t.4o,1
a1kaa.eo,1
13d7oaie.c,1
ombigsn,1
acica.comaaei,1
ehra.oogtccc..oz,1
cbro..oog,1
abtnrn.ro,1
aaeiaebcrl.com,1
bttoa.io,1
aoanr.oogt.f.,1
bitactaiees.com,1
bocpoidt..os.r.,1
cui.ao,1
abicrtaic..oo,1
braandccacci,1
ueccic..ou.nbtaunaoaac,1
..ovcal.tl,1
acaoeac,1
ccc.oogbyccccccccc.,1
c9o..,1
oog113a,1
e.com31.,1
uo140,1
0..oo.r.0,1
1000.ao,1
113na..oog,1
abpor..ol,1
bbia.io,1
bba..oug,1
csnon.ao,1
ps.eo,1
asp.ro,1
ccnm.ce,1
abk.aov,1
sbda.oogtc9c6c..oz,1
1b8r.com,1
9sw.ro,1
abmelccccc.co,1
mabtcooeo.eo,1
ala7peh.,1
comd1oasei,1
ee..oo.gcass,1
iccic.ioa,1
ihiiet..oo,1
algtoreccccc..oz,1
aalkr.soo.,1
ciaeisae.ar,1
bss.fo,1
a4pressicc.com,1
aaaiisiir..oo,1
ratins.lo.r,1
aine..oo.tc.ccrscccc,1
ccccccccccas.6ovac,1
ccccccec.com,1
bamki.ao,1
aaai.lo,1
ssnic..oo.u.,1
aaaee.ee,1
ain2a.com,1
aaiia.eo,1
a7g.mo,1
0pc1o0c.ao,1
1a0riuec.com,1
1a0abeile..ol,1
14lanc.com,1
peaa..oog,1
bcr.no,1
bbac..ez,1
aahtrin,1
..ot.r.aaoee,1
mirin..ot.nbco,1
l.toa.al,1
a.moo,1
bi..oetb,1
zp.ro,1
abeer.com,1
abboyi.do,1
balidinr.com,1
caoeeoefcl..oo,1
absrorh.com,1
obca..oog,1
babkoa..oog,1
aoeulcoaii..oo,1
obpa.tomccccccc,1
ccec.com,1
acbmgcm.com,1
aokrec..oo.u.,1
at.ar.pccc.,1
esiei..ol,1
baaisoei..oo.u.,1
bla.to,1
oscan..oo.r,1
atiaeui..oo,1
aahdattir..,1
ooapareaeo,1
oii..ooclcias,1
isoi..oobi,1
nsl.neta,1
btcuu..oo.r.,1
srmcirite..oo,1
oaalaieai..oo,1
car.eo,1
bsderclcg.com,1
